<?xml version="1.0"?>
<configuration>
  <property>
    <name>dfs.blockplacementpolicy.class</name>
    <value>org.apache.hadoop.hdfs.server.blockmanagement.PerformanceAwareBlockPlacementPolicy</value>
    <description>Custom block placement policy implementing ANODE (weights-based).</description>
  </property>
  <property>
    <name>dfs.blockplacement.weighted.enabled</name>
    <value>true</value>
    <description>Enable/disable ANODE weighted block placement.</description>
  </property>
  <property>
    <name>dfs.replication</name>
    <value>3</value>
  </property>
  <property>
    <name>dfs.datanode.data.dir</name>
    <value>file:///var/hadoop/data1,file:///var/hadoop/data2</value>
  </property>
  <property>
    <name>dfs.datanode.data.dir.weight</name>
    <value>datanode1:1.25,datanode2:0.85,datanode3:0.65,datanode4:1.10</value>
    <description>Comma-separated list of datanodeHost:weight pairs; parsed by the custom policy or agent.</description>
  </property>
  <property>
    <name>dfs.anode.weights.file</name>
    <value>/user/hadoop/anode/weights/current_weights.xml</value>
    <description>Path on HDFS for agent-generated weight files (policy should read this path).</description>
  </property>
</configuration>
