<?xml version="1.0"?>
<configuration>
  <property>
    <name>mapreduce.jobhistory.address</name>
    <value>0.0.0.0:10020</value>
  </property>
  <property>
    <name>mapreduce.jobhistory.webapp.address</name>
    <value>0.0.0.0:19888</value>
  </property>
  <property>
    <name>mapreduce.jobhistory.done-dir</name>
    <value>/user/hadoop/jobhistory</value>
    <description>Directory where completed job history files are written.</description>
  </property>
  <property>
    <name>mapreduce.jobhistory.cleaner.enable</name>
    <value>false</value>
  </property>
</configuration>
